Season,Week,GameStatus,GameSlot,GameDate,AwayTeam,AwayScore,HomeTeam,HomeScore
2023,HALL OF FAME,FINAL,Thursday,August 3rd,NYJ,16.0,CLE,21.0
2023,PRESEASON WEEK 1,FINAL,Thursday,August 10th,HOU,20.0,NE,9.0
2023,PRESEASON WEEK 1,FINAL,Thursday,August 10th,MIN,13.0,SEA,24.0
2023,PRESEASON WEEK 1,FINAL,Friday,August 11th,NYG,16.0,DET,21.0
2023,PRESEASON WEEK 1,FINAL,Friday,August 11th,PIT,27.0,TB,17.0
2023,PRESEASON WEEK 1,FINAL,Friday,August 11th,GB,36.0,CIN,19.0
2023,PRESEASON WEEK 1,FINAL,Friday,August 11th,ATL,19.0,MIA,3.0
2023,PRESEASON WEEK 1,FINAL,Friday,August 11th,WAS,17.0,CLE,15.0
2023,PRESEASON WEEK 1,FINAL,Friday,August 11th,DEN,17.0,ARI,18.0
2023,PRESEASON WEEK 1,FINAL,Saturday,August 12th,TEN,17.0,CHI,23.0
2023,PRESEASON WEEK 1,FINAL,Saturday,August 12th,IND,19.0,BUF,23.0
2023,PRESEASON WEEK 1,FINAL,Saturday,August 12th,NYJ,27.0,CAR,0.0
2023,PRESEASON WEEK 1,FINAL,Saturday,August 12th,JAX,28.0,DAL,23.0
2023,PRESEASON WEEK 1,FINAL,Saturday,August 12th,PHI,19.0,BAL,20.0
2023,PRESEASON WEEK 1,FINAL,Saturday,August 12th,LAC,34.0,LAR,17.0
2023,PRESEASON WEEK 1,FINAL,Sunday,August 13th,KC,24.0,NO,26.0
2023,PRESEASON WEEK 1,FINAL,Sunday,August 13th,SF,7.0,LV,34.0
2023,PRESEASON WEEK 2,FINAL,Thursday,August 17th,CLE,18.0,PHI,18.0
2023,PRESEASON WEEK 2,FINAL,Friday,August 18th,CAR,19.0,NYG,21.0
2023,PRESEASON WEEK 2,FINAL,Friday,August 18th,CIN,13.0,ATL,13.0
2023,PRESEASON WEEK 2,FINAL,Saturday,August 19th,JAX,25.0,DET,7.0
2023,PRESEASON WEEK 2,FINAL,Saturday,August 19th,MIA,28.0,HOU,3.0
2023,PRESEASON WEEK 2,FINAL,Saturday,August 19th,BUF,15.0,PIT,27.0
2023,PRESEASON WEEK 2,FINAL,Saturday,August 19th,CHI,17.0,IND,24.0
2023,PRESEASON WEEK 2,FINAL,Saturday,August 19th,TB,13.0,NYJ,6.0
2023,PRESEASON WEEK 2,FINAL,Saturday,August 19th,NE,21.0,GB,17.0
2023,PRESEASON WEEK 2,FINAL,Saturday,August 19th,TEN,24.0,MIN,16.0
2023,PRESEASON WEEK 2,FINAL,Saturday,August 19th,KC,38.0,ARI,10.0
2023,PRESEASON WEEK 2,FINAL,Saturday,August 19th,DEN,20.0,SF,21.0
2023,PRESEASON WEEK 2,FINAL,Saturday,August 19th,LV,34.0,LAR,17.0
2023,PRESEASON WEEK 2,FINAL,Saturday,August 19th,DAL,14.0,SEA,22.0
2023,PRESEASON WEEK 2,FINAL,Sunday,August 20th,NO,22.0,LAC,17.0
2023,PRESEASON WEEK 2,FINAL,Monday,August 21st,BAL,28.0,WAS,29.0
2023,PRESEASON WEEK 3,FINAL,Thursday,August 24th,PIT,24.0,ATL,0.0
2023,PRESEASON WEEK 3,FINAL,Thursday,August 24th,IND,27.0,PHI,13.0
2023,PRESEASON WEEK 3,FINAL,Friday,August 25th,DET,26.0,CAR,17.0
2023,PRESEASON WEEK 3,FINAL,Friday,August 25th,NE,7.0,TEN,23.0
2023,PRESEASON WEEK 3,FINAL,Friday,August 25th,LAC,23.0,SF,12.0
2023,PRESEASON WEEK 3,FINAL,Saturday,August 26th,SEA,15.0,GB,19.0
2023,PRESEASON WEEK 3,FINAL,Saturday,August 26th,ARI,18.0,MIN,17.0
2023,PRESEASON WEEK 3,FINAL,Saturday,August 26th,CLE,32.0,KC,33.0
2023,PRESEASON WEEK 3,FINAL,Saturday,August 26th,BUF,24.0,CHI,21.0
2023,PRESEASON WEEK 3,FINAL,Saturday,August 26th,NYJ,32.0,NYG,24.0
2023,PRESEASON WEEK 3,FINAL,Saturday,August 26th,CIN,19.0,WAS,21.0
2023,PRESEASON WEEK 3,FINAL,Saturday,August 26th,BAL,20.0,TB,26.0
2023,PRESEASON WEEK 3,FINAL,Saturday,August 26th,MIA,18.0,JAX,31.0
2023,PRESEASON WEEK 3,FINAL,Saturday,August 26th,LV,16.0,DAL,31.0
2023,PRESEASON WEEK 3,FINAL,Saturday,August 26th,LAR,0.0,DEN,41.0
2023,PRESEASON WEEK 3,FINAL,Sunday,August 27th,HOU,17.0,NO,13.0
2023,WEEK 1,FINAL,Sunday Night Football,September 7th,DET,21.0,KC,20.0
2023,WEEK 1,FINAL,Sunday,September 10th,CAR,10.0,ATL,24.0
2023,WEEK 1,FINAL,Sunday,September 10th,HOU,9.0,BAL,25.0
2023,WEEK 1,FINAL,Sunday,September 10th,CIN,3.0,CLE,24.0
2023,WEEK 1,FINAL,Sunday,September 10th,JAX,31.0,IND,21.0
2023,WEEK 1,FINAL,Sunday,September 10th,TB,20.0,MIN,17.0
2023,WEEK 1,FINAL,Sunday,September 10th,TEN,15.0,NO,16.0
2023,WEEK 1,FINAL,Sunday,September 10th,SF,30.0,PIT,7.0
2023,WEEK 1,FINAL,Sunday,September 10th,ARI,16.0,WAS,20.0
2023,WEEK 1,FINAL,Sunday,September 10th,GB,38.0,CHI,20.0
2023,WEEK 1,FINAL,Sunday,September 10th,LV,17.0,DEN,16.0
2023,WEEK 1,FINAL,Sunday,September 10th,MIA,36.0,LAC,34.0
2023,WEEK 1,FINAL,Sunday,September 10th,PHI,25.0,NE,20.0
2023,WEEK 1,FINAL,Sunday,September 10th,LAR,30.0,SEA,13.0
2023,WEEK 1,FINAL,Sunday Night Football,September 10th,DAL,40.0,NYG,0.0
2023,WEEK 1,FINAL,Monday Night Football,September 11th,BUF,16.0,NYJ,22.0
2023,WEEK 2,FINAL,Thursday Night Football,September 14th,MIN,28.0,PHI,34.0
2023,WEEK 2,FINAL,Sunday,September 17th,GB,24.0,ATL,25.0
2023,WEEK 2,FINAL,Sunday,September 17th,LV,10.0,BUF,38.0
2023,WEEK 2,FINAL,Sunday,September 17th,BAL,27.0,CIN,24.0
2023,WEEK 2,FINAL,Sunday,September 17th,SEA,37.0,DET,31.0
2023,WEEK 2,FINAL,Sunday,September 17th,IND,31.0,HOU,20.0
2023,WEEK 2,FINAL,Sunday,September 17th,KC,17.0,JAX,9.0
2023,WEEK 2,FINAL,Sunday,September 17th,CHI,17.0,TB,27.0
2023,WEEK 2,FINAL,Sunday,September 17th,LAC,24.0,TEN,27.0
2023,WEEK 2,FINAL,Sunday,September 17th,NYG,31.0,ARI,28.0
2023,WEEK 2,FINAL,Sunday,September 17th,SF,30.0,LAR,23.0
2023,WEEK 2,FINAL,Sunday,September 17th,NYJ,10.0,DAL,30.0
2023,WEEK 2,FINAL,Sunday,September 17th,WAS,35.0,DEN,33.0
2023,WEEK 2,FINAL,Sunday Night Football,September 17th,MIA,24.0,NE,17.0
2023,WEEK 2,FINAL,Monday Night Football,September 18th,NO,20.0,CAR,17.0
2023,WEEK 2,FINAL,Monday Night Football,September 18th,CLE,22.0,PIT,26.0
2023,WEEK 3,FINAL,Thursday Night Football,September 21st,NYG,12.0,SF,30.0
2023,WEEK 3,FINAL,Sunday,September 24th,IND,22.0,BAL,19.0
2023,WEEK 3,FINAL,Sunday,September 24th,TEN,3.0,CLE,27.0
2023,WEEK 3,FINAL,Sunday,September 24th,ATL,6.0,DET,20.0
2023,WEEK 3,FINAL,Sunday,September 24th,NO,17.0,GB,18.0
2023,WEEK 3,FINAL,Sunday,September 24th,HOU,37.0,JAX,17.0
2023,WEEK 3,FINAL,Sunday,September 24th,DEN,20.0,MIA,70.0
2023,WEEK 3,FINAL,Sunday,September 24th,LAC,28.0,MIN,24.0
2023,WEEK 3,FINAL,Sunday,September 24th,NE,15.0,NYJ,10.0
2023,WEEK 3,FINAL,Sunday,September 24th,BUF,37.0,WAS,3.0
2023,WEEK 3,FINAL,Sunday,September 24th,CAR,27.0,SEA,37.0
2023,WEEK 3,FINAL,Sunday,September 24th,DAL,16.0,ARI,28.0
2023,WEEK 3,FINAL,Sunday,September 24th,CHI,10.0,KC,41.0
2023,WEEK 3,FINAL,Sunday Night Football,September 24th,PIT,23.0,LV,18.0
2023,WEEK 3,FINAL,Monday Night Football,September 25th,PHI,25.0,TB,11.0
2023,WEEK 3,FINAL,Monday Night Football,September 25th,LAR,16.0,CIN,19.0
2023,WEEK 4,FINAL,Thursday Night Football,September 28th,DET,34.0,GB,20.0
2023,WEEK 4,FINAL,Sunday,October 1st,ATL,7.0,JAX,23.0
2023,WEEK 4,FINAL,Sunday,October 1st,MIA,20.0,BUF,48.0
2023,WEEK 4,FINAL,Sunday,October 1st,MIN,21.0,CAR,13.0
2023,WEEK 4,FINAL,Sunday,October 1st,DEN,31.0,CHI,28.0
2023,WEEK 4,FINAL,Sunday,October 1st,BAL,28.0,CLE,3.0
2023,WEEK 4,FINAL,Sunday,October 1st,PIT,6.0,HOU,30.0
2023,WEEK 4,FINAL,Sunday,October 1st,LAR,29.0,IND,23.0
2023,WEEK 4,FINAL,Sunday,October 1st,TB,26.0,NO,9.0
2023,WEEK 4,FINAL,Sunday,October 1st,WAS,31.0,PHI,34.0
2023,WEEK 4,FINAL,Sunday,October 1st,CIN,3.0,TEN,27.0
2023,WEEK 4,FINAL,Sunday,October 1st,LV,17.0,LAC,24.0
2023,WEEK 4,FINAL,Sunday,October 1st,NE,3.0,DAL,38.0
2023,WEEK 4,FINAL,Sunday,October 1st,ARI,16.0,SF,35.0
2023,WEEK 4,FINAL,Sunday Night Football,October 1st,KC,23.0,NYJ,20.0
2023,WEEK 4,FINAL,Monday Night Football,October 2nd,SEA,24.0,NYG,3.0
2023,WEEK 5,FINAL,Thursday Night Football,October 5th,CHI,40.0,WAS,20.0
2023,WEEK 5,FINAL,Sunday,October 8th,JAX,25.0,BUF,20.0
2023,WEEK 5,FINAL,Sunday,October 8th,HOU,19.0,ATL,21.0
2023,WEEK 5,FINAL,Sunday,October 8th,CAR,24.0,DET,42.0
2023,WEEK 5,FINAL,Sunday,October 8th,TEN,16.0,IND,23.0
2023,WEEK 5,FINAL,Sunday,October 8th,NYG,16.0,MIA,31.0
2023,WEEK 5,FINAL,Sunday,October 8th,NO,34.0,NE,0.0
2023,WEEK 5,FINAL,Sunday,October 8th,BAL,10.0,PIT,17.0
2023,WEEK 5,FINAL,Sunday,October 8th,CIN,34.0,ARI,20.0
2023,WEEK 5,FINAL,Sunday,October 8th,PHI,23.0,LAR,14.0
2023,WEEK 5,FINAL,Sunday,October 8th,NYJ,31.0,DEN,21.0
2023,WEEK 5,FINAL,Sunday,October 8th,KC,27.0,MIN,20.0
2023,WEEK 5,FINAL,Sunday Night Football,October 8th,DAL,10.0,SF,42.0
2023,WEEK 5,FINAL,Monday Night Football,October 9th,GB,13.0,LV,17.0
2023,WEEK 5,BYE,,,CLE,,,
2023,WEEK 5,BYE,,,LAC,,,
2023,WEEK 5,BYE,,,SEA,,,
2023,WEEK 5,BYE,,,TB,,,
2023,WEEK 6,FINAL,Thursday Night Football,October 12th,DEN,8.0,KC,19.0
2023,WEEK 6,FINAL,Sunday,October 15th,BAL,24.0,TEN,16.0
2023,WEEK 6,FINAL,Sunday,October 15th,WAS,24.0,ATL,16.0
2023,WEEK 6,FINAL,Sunday,October 15th,MIN,19.0,CHI,13.0
2023,WEEK 6,FINAL,Sunday,October 15th,SEA,13.0,CIN,17.0
2023,WEEK 6,FINAL,Sunday,October 15th,SF,17.0,CLE,19.0
2023,WEEK 6,FINAL,Sunday,October 15th,NO,13.0,HOU,20.0
2023,WEEK 6,FINAL,Sunday,October 15th,IND,20.0,JAX,37.0
2023,WEEK 6,FINAL,Sunday,October 15th,CAR,21.0,MIA,42.0
2023,WEEK 6,FINAL,Sunday,October 15th,NE,17.0,LV,21.0
2023,WEEK 6,FINAL,Sunday,October 15th,DET,20.0,TB,6.0
2023,WEEK 6,FINAL,Sunday,October 15th,ARI,9.0,LAR,26.0
2023,WEEK 6,FINAL,Sunday,October 15th,PHI,14.0,NYJ,20.0
2023,WEEK 6,FINAL,Sunday Night Football,October 15th,NYG,9.0,BUF,14.0
2023,WEEK 6,FINAL,Monday Night Football,October 16th,DAL,20.0,LAC,17.0
2023,WEEK 6,BYE,,,GB,,,
2023,WEEK 6,BYE,,,PIT,,,
2023,WEEK 7,FINAL,Thursday Night Football,October 19th,JAX,31.0,NO,24.0
2023,WEEK 7,FINAL,Sunday,October 22nd,DET,6.0,BAL,38.0
2023,WEEK 7,FINAL,Sunday,October 22nd,LV,12.0,CHI,30.0
2023,WEEK 7,FINAL,Sunday,October 22nd,CLE,39.0,IND,38.0
2023,WEEK 7,FINAL,Sunday,October 22nd,BUF,25.0,NE,29.0
2023,WEEK 7,FINAL,Sunday,October 22nd,WAS,7.0,NYG,14.0
2023,WEEK 7,FINAL,Sunday,October 22nd,ATL,16.0,TB,13.0
2023,WEEK 7,FINAL,Sunday,October 22nd,PIT,24.0,LAR,17.0
2023,WEEK 7,FINAL,Sunday,October 22nd,ARI,10.0,SEA,20.0
2023,WEEK 7,FINAL,Sunday,October 22nd,GB,17.0,DEN,19.0
2023,WEEK 7,FINAL,Sunday,October 22nd,LAC,17.0,KC,31.0
2023,WEEK 7,FINAL,Sunday Night Football,October 22nd,MIA,17.0,PHI,31.0
2023,WEEK 7,FINAL,Monday Night Football,October 23rd,SF,17.0,MIN,22.0
2023,WEEK 7,BYE,,,CAR,,,
2023,WEEK 7,BYE,,,CIN,,,
2023,WEEK 7,BYE,,,DAL,,,
2023,WEEK 7,BYE,,,HOU,,,
2023,WEEK 7,BYE,,,NYJ,,,
2023,WEEK 7,BYE,,,TEN,,,
2023,WEEK 8,FINAL,Thursday Night Football,October 26th,TB,18.0,BUF,24.0
2023,WEEK 8,FINAL,Sunday,October 29th,HOU,13.0,CAR,15.0
2023,WEEK 8,FINAL,Sunday,October 29th,LAR,20.0,DAL,43.0
2023,WEEK 8,FINAL,Sunday,October 29th,MIN,24.0,GB,10.0
2023,WEEK 8,FINAL,Sunday,October 29th,NO,38.0,IND,27.0
2023,WEEK 8,FINAL,Sunday,October 29th,NE,17.0,MIA,31.0
2023,WEEK 8,FINAL,Sunday,October 29th,NYJ,13.0,NYG,10.0
2023,WEEK 8,FINAL,Sunday,October 29th,JAX,20.0,PIT,10.0
2023,WEEK 8,FINAL,Sunday,October 29th,ATL,23.0,TEN,28.0
2023,WEEK 8,FINAL,Sunday,October 29th,PHI,38.0,WAS,31.0
2023,WEEK 8,FINAL,Sunday,October 29th,CLE,20.0,SEA,24.0
2023,WEEK 8,FINAL,Sunday,October 29th,BAL,31.0,ARI,24.0
2023,WEEK 8,FINAL,Sunday,October 29th,KC,9.0,DEN,24.0
2023,WEEK 8,FINAL,Sunday,October 29th,CIN,31.0,SF,17.0
2023,WEEK 8,FINAL,Sunday Night Football,October 29th,CHI,13.0,LAC,30.0
2023,WEEK 8,FINAL,Monday Night Football,October 30th,LV,14.0,DET,26.0
2023,WEEK 9,FINAL,Thursday Night Football,November 2nd,TEN,16.0,PIT,20.0
2023,WEEK 9,FINAL,Sunday,November 5th,MIA,14.0,KC,21.0
2023,WEEK 9,FINAL,Sunday,November 5th,MIN,31.0,ATL,28.0
2023,WEEK 9,FINAL,Sunday,November 5th,SEA,3.0,BAL,37.0
2023,WEEK 9,FINAL,Sunday,November 5th,ARI,0.0,CLE,27.0
2023,WEEK 9,FINAL,Sunday,November 5th,LAR,3.0,GB,20.0
2023,WEEK 9,FINAL,Sunday,November 5th,TB,37.0,HOU,39.0
2023,WEEK 9,FINAL,Sunday,November 5th,WAS,20.0,NE,17.0
2023,WEEK 9,FINAL,Sunday,November 5th,CHI,17.0,NO,24.0
2023,WEEK 9,FINAL,Sunday,November 5th,IND,27.0,CAR,13.0
2023,WEEK 9,FINAL,Sunday,November 5th,NYG,6.0,LV,30.0
2023,WEEK 9,FINAL,Sunday,November 5th,DAL,23.0,PHI,28.0
2023,WEEK 9,FINAL,Sunday Night Football,November 5th,BUF,18.0,CIN,24.0
2023,WEEK 9,FINAL,Monday Night Football,November 6th,LAC,27.0,NYJ,6.0
2023,WEEK 9,BYE,,,DEN,,,
2023,WEEK 9,BYE,,,DET,,,
2023,WEEK 9,BYE,,,JAX,,,
2023,WEEK 9,BYE,,,SF,,,
2023,WEEK 10,FINAL,Thursday Night Football,November 9th,CAR,13.0,CHI,16.0
2023,WEEK 10,FINAL,Sunday,November 12th,IND,10.0,NE,6.0
2023,WEEK 10,FINAL,Sunday,November 12th,CLE,33.0,BAL,31.0
2023,WEEK 10,FINAL,Sunday,November 12th,HOU,30.0,CIN,27.0
2023,WEEK 10,FINAL,Sunday,November 12th,SF,34.0,JAX,3.0
2023,WEEK 10,FINAL,Sunday,November 12th,NO,19.0,MIN,27.0
2023,WEEK 10,FINAL,Sunday,November 12th,GB,19.0,PIT,23.0
2023,WEEK 10,FINAL,Sunday,November 12th,TEN,6.0,TB,20.0
2023,WEEK 10,FINAL,Sunday,November 12th,ATL,23.0,ARI,25.0
2023,WEEK 10,FINAL,Sunday,November 12th,DET,41.0,LAC,38.0
2023,WEEK 10,FINAL,Sunday,November 12th,NYG,17.0,DAL,49.0
2023,WEEK 10,FINAL,Sunday,November 12th,WAS,26.0,SEA,29.0
2023,WEEK 10,FINAL,Sunday Night Football,November 12th,NYJ,12.0,LV,16.0
2023,WEEK 10,FINAL,Monday Night Football,November 13th,DEN,24.0,BUF,22.0
2023,WEEK 10,BYE,,,KC,,,
2023,WEEK 10,BYE,,,LAR,,,
2023,WEEK 10,BYE,,,MIA,,,
2023,WEEK 10,BYE,,,PHI,,,
2023,WEEK 11,FINAL,Thursday Night Football,November 16th,CIN,20.0,BAL,34.0
2023,WEEK 11,FINAL,Sunday,November 19th,DAL,33.0,CAR,10.0
2023,WEEK 11,FINAL,Sunday,November 19th,PIT,10.0,CLE,13.0
2023,WEEK 11,FINAL,Sunday,November 19th,CHI,26.0,DET,31.0
2023,WEEK 11,FINAL,Sunday,November 19th,LAC,20.0,GB,23.0
2023,WEEK 11,FINAL,Sunday,November 19th,ARI,16.0,HOU,21.0
2023,WEEK 11,FINAL,Sunday,November 19th,TEN,14.0,JAX,34.0
2023,WEEK 11,FINAL,Sunday,November 19th,LV,13.0,MIA,20.0
2023,WEEK 11,FINAL,Sunday,November 19th,NYG,31.0,WAS,19.0
2023,WEEK 11,FINAL,Sunday,November 19th,TB,14.0,SF,27.0
2023,WEEK 11,FINAL,Sunday,November 19th,NYJ,6.0,BUF,32.0
2023,WEEK 11,FINAL,Sunday,November 19th,SEA,16.0,LAR,17.0
2023,WEEK 11,FINAL,Sunday Night Football,November 19th,MIN,20.0,DEN,21.0
2023,WEEK 11,FINAL,Monday Night Football,November 20th,PHI,21.0,KC,17.0
2023,WEEK 11,BYE,,,ATL,,,
2023,WEEK 11,BYE,,,IND,,,
2023,WEEK 11,BYE,,,NE,,,
2023,WEEK 11,BYE,,,NO,,,
2023,WEEK 12,FINAL,Thursday,November 23rd,GB,29.0,DET,22.0
2023,WEEK 12,FINAL,Thursday,November 23rd,WAS,10.0,DAL,45.0
2023,WEEK 12,FINAL,Sunday Night Football,November 23rd,SF,31.0,SEA,13.0
2023,WEEK 12,FINAL,Thursday Night Football,November 24th,MIA,34.0,NYJ,13.0
2023,WEEK 12,FINAL,Sunday,November 26th,NO,15.0,ATL,24.0
2023,WEEK 12,FINAL,Sunday,November 26th,PIT,16.0,CIN,10.0
2023,WEEK 12,FINAL,Sunday,November 26th,JAX,24.0,HOU,21.0
2023,WEEK 12,FINAL,Sunday,November 26th,TB,20.0,IND,27.0
2023,WEEK 12,FINAL,Sunday,November 26th,NE,7.0,NYG,10.0
2023,WEEK 12,FINAL,Sunday,November 26th,CAR,10.0,TEN,17.0
2023,WEEK 12,FINAL,Sunday,November 26th,LAR,37.0,ARI,14.0
2023,WEEK 12,FINAL,Sunday,November 26th,CLE,12.0,DEN,29.0
2023,WEEK 12,FINAL,Sunday,November 26th,KC,31.0,LV,17.0
2023,WEEK 12,FINAL,Sunday,November 26th,BUF,34.0,PHI,37.0
2023,WEEK 12,FINAL,Sunday Night Football,November 26th,BAL,20.0,LAC,10.0
2023,WEEK 12,FINAL,Monday Night Football,November 27th,CHI,12.0,MIN,10.0
2023,WEEK 13,FINAL,Thursday Night Football,November 30th,SEA,35.0,DAL,41.0
2023,WEEK 13,FINAL,Sunday,December 3rd,LAC,6.0,NE,0.0
2023,WEEK 13,FINAL,Sunday,December 3rd,DET,33.0,NO,28.0
2023,WEEK 13,FINAL,Sunday,December 3rd,ATL,13.0,NYJ,8.0
2023,WEEK 13,FINAL,Sunday,December 3rd,ARI,24.0,PIT,10.0
2023,WEEK 13,FINAL,Sunday,December 3rd,IND,31.0,TEN,28.0
2023,WEEK 13,FINAL,Sunday,December 3rd,MIA,45.0,WAS,15.0
2023,WEEK 13,FINAL,Sunday,December 3rd,DEN,17.0,HOU,22.0
2023,WEEK 13,FINAL,Sunday,December 3rd,CAR,18.0,TB,21.0
2023,WEEK 13,FINAL,Sunday,December 3rd,CLE,19.0,LAR,36.0
2023,WEEK 13,FINAL,Sunday,December 3rd,SF,42.0,PHI,19.0
2023,WEEK 13,FINAL,Sunday Night Football,December 3rd,KC,19.0,GB,27.0
2023,WEEK 13,FINAL,Monday Night Football,December 4th,CIN,34.0,JAX,31.0
2023,WEEK 13,BYE,,,BAL,,,
2023,WEEK 13,BYE,,,BUF,,,
2023,WEEK 13,BYE,,,CHI,,,
2023,WEEK 13,BYE,,,LV,,,
2023,WEEK 13,BYE,,,MIN,,,
2023,WEEK 13,BYE,,,NYG,,,
2023,WEEK 14,FINAL,Thursday Night Football,December 7th,NE,21.0,PIT,18.0
2023,WEEK 14,FINAL,Sunday,December 10th,TB,29.0,ATL,25.0
2023,WEEK 14,FINAL,Sunday,December 10th,LAR,31.0,BAL,37.0
2023,WEEK 14,FINAL,Sunday,December 10th,DET,13.0,CHI,28.0
2023,WEEK 14,FINAL,Sunday,December 10th,IND,14.0,CIN,34.0
2023,WEEK 14,FINAL,Sunday,December 10th,JAX,27.0,CLE,31.0
2023,WEEK 14,FINAL,Sunday,December 10th,CAR,6.0,NO,28.0
2023,WEEK 14,FINAL,Sunday,December 10th,HOU,6.0,NYJ,30.0
2023,WEEK 14,FINAL,Sunday,December 10th,MIN,3.0,LV,0.0
2023,WEEK 14,FINAL,Sunday,December 10th,SEA,16.0,SF,28.0
2023,WEEK 14,FINAL,Sunday,December 10th,BUF,20.0,KC,17.0
2023,WEEK 14,FINAL,Sunday,December 10th,DEN,24.0,LAC,7.0
2023,WEEK 14,FINAL,Sunday Night Football,December 10th,PHI,13.0,DAL,33.0
2023,WEEK 14,FINAL,Monday Night Football,December 11th,TEN,28.0,MIA,27.0
2023,WEEK 14,FINAL,Monday Night Football,December 11th,GB,22.0,NYG,24.0
2023,WEEK 14,BYE,,,ARI,,,
2023,WEEK 14,BYE,,,WAS,,,
2023,WEEK 15,FINAL,Thursday Night Football,December 14th,LAC,21.0,LV,63.0
2023,WEEK 15,FINAL,Saturday,December 16th,MIN,24.0,CIN,27.0
2023,WEEK 15,FINAL,Saturday,December 16th,PIT,13.0,IND,30.0
2023,WEEK 15,FINAL,Saturday,December 16th,DEN,17.0,DET,42.0
2023,WEEK 15,FINAL,Sunday,December 17th,ATL,7.0,CAR,9.0
2023,WEEK 15,FINAL,Sunday,December 17th,CHI,17.0,CLE,20.0
2023,WEEK 15,FINAL,Sunday,December 17th,TB,34.0,GB,20.0
2023,WEEK 15,FINAL,Sunday,December 17th,NYJ,0.0,MIA,30.0
2023,WEEK 15,FINAL,Sunday,December 17th,NYG,6.0,NO,24.0
2023,WEEK 15,FINAL,Sunday,December 17th,HOU,19.0,TEN,16.0
2023,WEEK 15,FINAL,Sunday,December 17th,KC,27.0,NE,17.0
2023,WEEK 15,FINAL,Sunday,December 17th,SF,45.0,ARI,29.0
2023,WEEK 15,FINAL,Sunday,December 17th,WAS,20.0,LAR,28.0
2023,WEEK 15,FINAL,Sunday,December 17th,DAL,10.0,BUF,31.0
2023,WEEK 15,FINAL,Sunday Night Football,December 17th,BAL,23.0,JAX,7.0
2023,WEEK 15,FINAL,Monday Night Football,December 18th,PHI,17.0,SEA,20.0
2023,WEEK 16,FINAL,Thursday Night Football,December 21st,NO,22.0,LAR,30.0
2023,WEEK 16,FINAL,Sunday Night Football,December 23rd,CIN,11.0,PIT,34.0
2023,WEEK 16,FINAL,Saturday,December 23rd,BUF,24.0,LAC,22.0
2023,WEEK 16,FINAL,Sunday,December 24th,IND,10.0,ATL,29.0
2023,WEEK 16,FINAL,Sunday,December 24th,GB,33.0,CAR,30.0
2023,WEEK 16,FINAL,Sunday,December 24th,CLE,36.0,HOU,22.0
2023,WEEK 16,FINAL,Sunday,December 24th,DET,30.0,MIN,24.0
2023,WEEK 16,FINAL,Sunday,December 24th,WAS,28.0,NYJ,30.0
2023,WEEK 16,FINAL,Sunday,December 24th,SEA,20.0,TEN,17.0
2023,WEEK 16,FINAL,Sunday,December 24th,JAX,12.0,TB,30.0
2023,WEEK 16,FINAL,Sunday,December 24th,ARI,16.0,CHI,27.0
2023,WEEK 16,FINAL,Sunday,December 24th,DAL,20.0,MIA,22.0
2023,WEEK 16,FINAL,Sunday,December 24th,NE,26.0,DEN,23.0
2023,WEEK 16,FINAL,Monday,December 25th,LV,20.0,KC,14.0
2023,WEEK 16,FINAL,Monday,December 25th,NYG,25.0,PHI,33.0
2023,WEEK 16,FINAL,Monday Night Football,December 25th,BAL,33.0,SF,19.0
2023,WEEK 17,FINAL,Thursday Night Football,December 28th,NYJ,20.0,CLE,37.0
2023,WEEK 17,FINAL,Monday Night Football,December 30th,DET,19.0,DAL,20.0
2023,WEEK 17,FINAL,Sunday,December 31st,MIA,19.0,BAL,56.0
2023,WEEK 17,FINAL,Sunday,December 31st,NE,21.0,BUF,27.0
2023,WEEK 17,FINAL,Sunday,December 31st,ATL,17.0,CHI,37.0
2023,WEEK 17,FINAL,Sunday,December 31st,TEN,3.0,HOU,26.0
2023,WEEK 17,FINAL,Sunday,December 31st,LV,20.0,IND,23.0
2023,WEEK 17,FINAL,Sunday,December 31st,CAR,0.0,JAX,26.0
2023,WEEK 17,FINAL,Sunday,December 31st,LAR,26.0,NYG,25.0
2023,WEEK 17,FINAL,Sunday,December 31st,ARI,35.0,PHI,31.0
2023,WEEK 17,FINAL,Sunday,December 31st,NO,23.0,TB,13.0
2023,WEEK 17,FINAL,Sunday,December 31st,SF,27.0,WAS,10.0
2023,WEEK 17,FINAL,Sunday,December 31st,PIT,30.0,SEA,23.0
2023,WEEK 17,FINAL,Sunday,December 31st,LAC,9.0,DEN,16.0
2023,WEEK 17,FINAL,Sunday,December 31st,CIN,17.0,KC,25.0
2023,WEEK 17,FINAL,Sunday Night Football,December 31st,GB,33.0,MIN,10.0
2023,WEEK 18,FINAL,Monday Night Football,January 6th,PIT,17.0,BAL,10.0
2023,WEEK 18,FINAL,Monday Night Football,January 6th,HOU,23.0,IND,19.0
2023,WEEK 18,FINAL,Sunday,January 7th,TB,9.0,CAR,0.0
2023,WEEK 18,FINAL,Sunday,January 7th,CLE,14.0,CIN,31.0
2023,WEEK 18,FINAL,Sunday,January 7th,MIN,20.0,DET,30.0
2023,WEEK 18,FINAL,Sunday,January 7th,NYJ,17.0,NE,3.0
2023,WEEK 18,FINAL,Sunday,January 7th,ATL,17.0,NO,48.0
2023,WEEK 18,FINAL,Sunday,January 7th,JAX,20.0,TEN,28.0
2023,WEEK 18,FINAL,Sunday,January 7th,SEA,21.0,ARI,20.0
2023,WEEK 18,FINAL,Sunday,January 7th,CHI,9.0,GB,17.0
2023,WEEK 18,FINAL,Sunday,January 7th,KC,13.0,LAC,12.0
2023,WEEK 18,FINAL,Sunday,January 7th,DEN,14.0,LV,27.0
2023,WEEK 18,FINAL,Sunday,January 7th,PHI,10.0,NYG,27.0
2023,WEEK 18,FINAL,Sunday,January 7th,LAR,21.0,SF,20.0
2023,WEEK 18,FINAL,Sunday,January 7th,DAL,38.0,WAS,10.0
2023,WEEK 18,FINAL,Sunday Night Football,January 7th,BUF,21.0,MIA,14.0
2023,WILD CARD WEEKEND,FINAL,Saturday,January 13th,CLE,14.0,HOU,45.0
2023,WILD CARD WEEKEND,FINAL,Saturday,January 13th,MIA,7.0,KC,26.0
2023,WILD CARD WEEKEND,FINAL,Sunday,January 14th,GB,48.0,DAL,32.0
2023,WILD CARD WEEKEND,FINAL,Sunday,January 14th,LAR,23.0,DET,24.0
2023,WILD CARD WEEKEND,FINAL,Monday,January 15th,PIT,17.0,BUF,31.0
2023,WILD CARD WEEKEND,FINAL,Monday,January 15th,PHI,9.0,TB,32.0
2023,WILD CARD WEEKEND,Clinched Playoffs,,,BAL,,,
2023,WILD CARD WEEKEND,Clinched Playoffs,,,SF,,,
2023,DIVISIONAL PLAYOFFS,FINAL,Saturday,January 20th,HOU,10.0,BAL,34.0
2023,DIVISIONAL PLAYOFFS,FINAL,Saturday,January 20th,GB,21.0,SF,24.0
2023,DIVISIONAL PLAYOFFS,FINAL,Sunday,January 21st,TB,23.0,DET,31.0
2023,DIVISIONAL PLAYOFFS,FINAL,Sunday,January 21st,KC,27.0,BUF,24.0
2023,CONFERENCE CHAMPIONSHIPS,FINAL,Sunday,January 28th,KC,17.0,BAL,10.0
2023,CONFERENCE CHAMPIONSHIPS,FINAL,Sunday,January 28th,DET,31.0,SF,34.0
2023,SUPER BOWL,FINAL,Sunday,February 11th,SF,22.0,KC,25.0
