Season,Week,GameStatus,GameSlot,GameDate,AwayTeam,AwayScore,HomeTeam,HomeScore
2025,HALL OF FAME,FINAL,Thursday,July 31st,LAC,34.0,DET,7.0
2025,PRESEASON WEEK 1,FINAL,Thursday,August 7th,IND,16.0,BAL,24.0
2025,PRESEASON WEEK 1,FINAL,Thursday,August 7th,CIN,27.0,PHI,34.0
2025,PRESEASON WEEK 1,FINAL,Thursday,August 7th,LV,23.0,SEA,23.0
2025,PRESEASON WEEK 1,FINAL,Friday,August 8th,DET,17.0,ATL,10.0
2025,PRESEASON WEEK 1,FINAL,Friday,August 8th,CLE,30.0,CAR,10.0
2025,PRESEASON WEEK 1,FINAL,Friday,August 8th,WAS,18.0,NE,48.0
2025,PRESEASON WEEK 1,FINAL,Saturday,August 9th,NYG,34.0,BUF,25.0
2025,PRESEASON WEEK 1,FINAL,Saturday,August 9th,HOU,10.0,MIN,20.0
2025,PRESEASON WEEK 1,FINAL,Saturday,August 9th,PIT,31.0,JAX,25.0
2025,PRESEASON WEEK 1,FINAL,Saturday,August 9th,DAL,21.0,LAR,31.0
2025,PRESEASON WEEK 1,FINAL,Saturday,August 9th,TEN,7.0,TB,29.0
2025,PRESEASON WEEK 1,FINAL,Saturday,August 9th,KC,17.0,ARI,20.0
2025,PRESEASON WEEK 1,FINAL,Saturday,August 9th,NYJ,30.0,GB,10.0
2025,PRESEASON WEEK 1,FINAL,Saturday,August 9th,DEN,30.0,SF,9.0
2025,PRESEASON WEEK 1,FINAL,Sunday,August 10th,MIA,24.0,CHI,24.0
2025,PRESEASON WEEK 1,FINAL,Sunday,August 10th,NO,13.0,LAC,27.0
2025,PRESEASON WEEK 2,FINAL,Friday,August 15th,TEN,23.0,ATL,20.0
2025,PRESEASON WEEK 2,FINAL,Friday,August 15th,KC,16.0,SEA,33.0
2025,PRESEASON WEEK 2,FINAL,Saturday,August 16th,MIA,24.0,DET,17.0
2025,PRESEASON WEEK 2,FINAL,Saturday,August 16th,CAR,3.0,HOU,20.0
2025,PRESEASON WEEK 2,FINAL,Saturday,August 16th,GB,23.0,IND,19.0
2025,PRESEASON WEEK 2,FINAL,Saturday,August 16th,NE,20.0,MIN,12.0
2025,PRESEASON WEEK 2,FINAL,Saturday,August 16th,CLE,22.0,PHI,13.0
2025,PRESEASON WEEK 2,FINAL,Saturday,August 16th,SF,22.0,LV,19.0
2025,PRESEASON WEEK 2,FINAL,Saturday,August 16th,BAL,31.0,DAL,13.0
2025,PRESEASON WEEK 2,FINAL,Saturday,August 16th,LAC,22.0,LAR,23.0
2025,PRESEASON WEEK 2,FINAL,Saturday,August 16th,NYJ,12.0,NYG,31.0
2025,PRESEASON WEEK 2,FINAL,Saturday,August 16th,TB,17.0,PIT,14.0
2025,PRESEASON WEEK 2,FINAL,Saturday,August 16th,ARI,7.0,DEN,27.0
2025,PRESEASON WEEK 2,FINAL,Sunday,August 17th,JAX,17.0,NO,17.0
2025,PRESEASON WEEK 2,FINAL,Sunday,August 17th,BUF,0.0,CHI,38.0
2025,PRESEASON WEEK 2,FINAL,Monday,August 18th,CIN,31.0,WAS,17.0
2025,PRESEASON WEEK 3,FINAL,Thursday,August 21st,PIT,19.0,CAR,10.0
2025,PRESEASON WEEK 3,FINAL,Thursday,August 21st,NE,10.0,NYG,42.0
2025,PRESEASON WEEK 3,FINAL,Friday,August 22nd,PHI,19.0,NYJ,17.0
2025,PRESEASON WEEK 3,FINAL,Friday,August 22nd,MIN,13.0,TEN,23.0
2025,PRESEASON WEEK 3,FINAL,Friday,August 22nd,ATL,13.0,DAL,31.0
2025,PRESEASON WEEK 3,FINAL,Friday,August 22nd,CHI,29.0,KC,27.0
2025,PRESEASON WEEK 3,FINAL,Saturday,August 23rd,BAL,30.0,WAS,3.0
2025,PRESEASON WEEK 3,FINAL,Saturday,August 23rd,IND,41.0,CIN,14.0
2025,PRESEASON WEEK 3,FINAL,Saturday,August 23rd,LAR,17.0,CLE,19.0
2025,PRESEASON WEEK 3,FINAL,Saturday,August 23rd,HOU,26.0,DET,7.0
2025,PRESEASON WEEK 3,FINAL,Saturday,August 23rd,DEN,28.0,NO,19.0
2025,PRESEASON WEEK 3,FINAL,Saturday,August 23rd,SEA,7.0,GB,20.0
2025,PRESEASON WEEK 3,FINAL,Saturday,August 23rd,JAX,6.0,MIA,14.0
2025,PRESEASON WEEK 3,FINAL,Saturday,August 23rd,BUF,23.0,TB,19.0
2025,PRESEASON WEEK 3,FINAL,Saturday,August 23rd,LAC,23.0,SF,30.0
2025,PRESEASON WEEK 3,FINAL,Saturday,August 23rd,LV,10.0,ARI,20.0
2025,WEEK 1,FINAL,Thursday,September 4th,DAL,20.0,PHI,24.0
2025,WEEK 1,FINAL,Friday,September 5th,KC,21.0,LAC,27.0
2025,WEEK 1,FINAL,Sunday,September 7th,TB,23.0,ATL,20.0
2025,WEEK 1,FINAL,Sunday,September 7th,CIN,17.0,CLE,16.0
2025,WEEK 1,FINAL,Sunday,September 7th,MIA,8.0,IND,33.0
2025,WEEK 1,FINAL,Sunday,September 7th,CAR,10.0,JAX,26.0
2025,WEEK 1,FINAL,Sunday,September 7th,LV,20.0,NE,13.0
2025,WEEK 1,FINAL,Sunday,September 7th,ARI,20.0,NO,13.0
2025,WEEK 1,FINAL,Sunday,September 7th,PIT,34.0,NYJ,32.0
2025,WEEK 1,FINAL,Sunday,September 7th,NYG,6.0,WAS,21.0
2025,WEEK 1,FINAL,Sunday,September 7th,TEN,12.0,DEN,20.0
2025,WEEK 1,FINAL,Sunday,September 7th,SF,17.0,SEA,13.0
2025,WEEK 1,FINAL,Sunday,September 7th,DET,13.0,GB,27.0
2025,WEEK 1,FINAL,Sunday,September 7th,HOU,9.0,LAR,14.0
2025,WEEK 1,FINAL,Sunday Night Football,September 7th,BAL,40.0,BUF,41.0
2025,WEEK 1,FINAL,Monday Night Football,September 8th,MIN,27.0,CHI,24.0
2025,WEEK 2,FINAL,Thursday Night Football,September 11th,WAS,18.0,GB,27.0
2025,WEEK 2,FINAL,Sunday,September 14th,CLE,17.0,BAL,41.0
2025,WEEK 2,FINAL,Sunday,September 14th,JAX,27.0,CIN,31.0
2025,WEEK 2,FINAL,Sunday,September 14th,NYG,37.0,DAL,40.0
2025,WEEK 2,FINAL,Sunday,September 14th,CHI,21.0,DET,52.0
2025,WEEK 2,FINAL,Sunday,September 14th,NE,33.0,MIA,27.0
2025,WEEK 2,FINAL,Sunday,September 14th,SF,26.0,NO,21.0
2025,WEEK 2,FINAL,Sunday,September 14th,BUF,30.0,NYJ,10.0
2025,WEEK 2,FINAL,Sunday,September 14th,SEA,31.0,PIT,17.0
2025,WEEK 2,FINAL,Sunday,September 14th,LAR,33.0,TEN,19.0
2025,WEEK 2,FINAL,Sunday,September 14th,CAR,22.0,ARI,27.0
2025,WEEK 2,FINAL,Sunday,September 14th,DEN,28.0,IND,29.0
2025,WEEK 2,FINAL,Sunday,September 14th,PHI,20.0,KC,17.0
2025,WEEK 2,FINAL,Sunday Night Football,September 14th,ATL,22.0,MIN,6.0
2025,WEEK 2,FINAL,Monday Night Football,September 15th,TB,20.0,HOU,19.0
2025,WEEK 2,FINAL,Monday Night Football,September 15th,LAC,20.0,LV,9.0
2025,WEEK 3,FINAL,Thursday Night Football,September 18th,MIA,21.0,BUF,31.0
2025,WEEK 3,FINAL,Sunday,September 21st,ATL,0.0,CAR,30.0
2025,WEEK 3,FINAL,Sunday,September 21st,GB,10.0,CLE,13.0
2025,WEEK 3,FINAL,Sunday,September 21st,HOU,10.0,JAX,17.0
2025,WEEK 3,FINAL,Sunday,September 21st,CIN,10.0,MIN,48.0
2025,WEEK 3,FINAL,Sunday,September 21st,PIT,21.0,NE,14.0
2025,WEEK 3,FINAL,Sunday,September 21st,LAR,26.0,PHI,33.0
2025,WEEK 3,FINAL,Sunday,September 21st,NYJ,27.0,TB,29.0
2025,WEEK 3,FINAL,Sunday,September 21st,IND,41.0,TEN,20.0
2025,WEEK 3,FINAL,Sunday,September 21st,LV,24.0,WAS,41.0
2025,WEEK 3,FINAL,Sunday,September 21st,DEN,20.0,LAC,23.0
2025,WEEK 3,FINAL,Sunday,September 21st,NO,13.0,SEA,44.0
2025,WEEK 3,FINAL,Sunday,September 21st,DAL,14.0,CHI,31.0
2025,WEEK 3,FINAL,Sunday,September 21st,ARI,15.0,SF,16.0
2025,WEEK 3,FINAL,Sunday Night Football,September 21st,KC,22.0,NYG,9.0
2025,WEEK 3,FINAL,Monday Night Football,September 22nd,DET,38.0,BAL,30.0
2025,WEEK 4,FINAL,Thursday Night Football,September 25th,SEA,23.0,ARI,20.0
2025,WEEK 4,FINAL,Sunday,September 28th,MIN,21.0,PIT,24.0
2025,WEEK 4,FINAL,Sunday,September 28th,WAS,27.0,ATL,34.0
2025,WEEK 4,FINAL,Sunday,September 28th,NO,19.0,BUF,31.0
2025,WEEK 4,FINAL,Sunday,September 28th,CLE,10.0,DET,34.0
2025,WEEK 4,FINAL,Sunday,September 28th,TEN,0.0,HOU,26.0
2025,WEEK 4,FINAL,Sunday,September 28th,CAR,13.0,NE,42.0
2025,WEEK 4,FINAL,Sunday,September 28th,LAC,18.0,NYG,21.0
2025,WEEK 4,FINAL,Sunday,September 28th,PHI,31.0,TB,25.0
2025,WEEK 4,FINAL,Sunday,September 28th,IND,20.0,LAR,27.0
2025,WEEK 4,FINAL,Sunday,September 28th,JAX,26.0,SF,21.0
2025,WEEK 4,FINAL,Sunday,September 28th,BAL,20.0,KC,37.0
2025,WEEK 4,FINAL,Sunday,September 28th,CHI,25.0,LV,24.0
2025,WEEK 4,FINAL,Sunday Night Football,September 28th,GB,40.0,DAL,40.0
2025,WEEK 4,FINAL,Monday Night Football,September 29th,NYJ,21.0,MIA,27.0
2025,WEEK 4,FINAL,Monday Night Football,September 29th,CIN,3.0,DEN,28.0
2025,WEEK 5,FINAL,Thursday Night Football,October 2nd,SF,26.0,LAR,23.0
2025,WEEK 5,FINAL,Sunday,October 5th,MIN,21.0,CLE,17.0
2025,WEEK 5,FINAL,Sunday,October 5th,HOU,44.0,BAL,10.0
2025,WEEK 5,FINAL,Sunday,October 5th,MIA,24.0,CAR,27.0
2025,WEEK 5,FINAL,Sunday,October 5th,LV,6.0,IND,40.0
2025,WEEK 5,FINAL,Sunday,October 5th,NYG,14.0,NO,26.0
2025,WEEK 5,FINAL,Sunday,October 5th,DAL,37.0,NYJ,22.0
2025,WEEK 5,FINAL,Sunday,October 5th,DEN,21.0,PHI,17.0
2025,WEEK 5,FINAL,Sunday,October 5th,TEN,22.0,ARI,21.0
2025,WEEK 5,FINAL,Sunday,October 5th,TB,38.0,SEA,35.0
2025,WEEK 5,FINAL,Sunday,October 5th,DET,37.0,CIN,24.0
2025,WEEK 5,FINAL,Sunday,October 5th,WAS,27.0,LAC,10.0
2025,WEEK 5,FINAL,Sunday Night Football,October 5th,NE,23.0,BUF,20.0
2025,WEEK 5,FINAL,Monday Night Football,October 6th,KC,28.0,JAX,31.0
2025,WEEK 5,BYE,,,ATL,,,
2025,WEEK 5,BYE,,,CHI,,,
2025,WEEK 5,BYE,,,GB,,,
2025,WEEK 5,BYE,,,PIT,,,
2025,WEEK 6,FINAL,Thursday Night Football,October 9th,PHI,17.0,NYG,34.0
2025,WEEK 6,FINAL,Sunday,October 12th,DEN,13.0,NYJ,11.0
2025,WEEK 6,FINAL,Sunday,October 12th,LAR,17.0,BAL,3.0
2025,WEEK 6,FINAL,Sunday,October 12th,DAL,27.0,CAR,30.0
2025,WEEK 6,FINAL,Sunday,October 12th,ARI,27.0,IND,31.0
2025,WEEK 6,FINAL,Sunday,October 12th,SEA,20.0,JAX,12.0
2025,WEEK 6,FINAL,Sunday,October 12th,LAC,29.0,MIA,27.0
2025,WEEK 6,FINAL,Sunday,October 12th,CLE,9.0,PIT,23.0
2025,WEEK 6,FINAL,Sunday,October 12th,NE,25.0,NO,19.0
2025,WEEK 6,FINAL,Sunday,October 12th,TEN,10.0,LV,20.0
2025,WEEK 6,FINAL,Sunday,October 12th,SF,19.0,TB,30.0
2025,WEEK 6,FINAL,Sunday,October 12th,CIN,18.0,GB,27.0
2025,WEEK 6,FINAL,Sunday Night Football,October 12th,DET,17.0,KC,30.0
2025,WEEK 6,FINAL,Monday Night Football,October 13th,BUF,14.0,ATL,24.0
2025,WEEK 6,FINAL,Monday Night Football,October 13th,CHI,25.0,WAS,24.0
2025,WEEK 6,BYE,,,HOU,,,
2025,WEEK 6,BYE,,,MIN,,,
2025,WEEK 7,FINAL,Thursday Night Football,October 16th,PIT,31.0,CIN,33.0
2025,WEEK 7,FINAL,Sunday,October 19th,LAR,35.0,JAX,7.0
2025,WEEK 7,FINAL,Sunday,October 19th,NO,14.0,CHI,26.0
2025,WEEK 7,FINAL,Sunday,October 19th,MIA,6.0,CLE,31.0
2025,WEEK 7,FINAL,Sunday,October 19th,LV,0.0,KC,31.0
2025,WEEK 7,FINAL,Sunday,October 19th,PHI,28.0,MIN,22.0
2025,WEEK 7,FINAL,Sunday,October 19th,CAR,13.0,NYJ,6.0
2025,WEEK 7,FINAL,Sunday,October 19th,NE,31.0,TEN,13.0
2025,WEEK 7,FINAL,Sunday,October 19th,NYG,32.0,DEN,33.0
2025,WEEK 7,FINAL,Sunday,October 19th,IND,38.0,LAC,24.0
2025,WEEK 7,FINAL,Sunday,October 19th,GB,27.0,ARI,23.0
2025,WEEK 7,FINAL,Sunday,October 19th,WAS,22.0,DAL,44.0
2025,WEEK 7,FINAL,Sunday Night Football,October 19th,ATL,10.0,SF,20.0
2025,WEEK 7,FINAL,Monday Night Football,October 20th,TB,9.0,DET,24.0
2025,WEEK 7,FINAL,Monday Night Football,October 20th,HOU,19.0,SEA,27.0
2025,WEEK 7,BYE,,,BAL,,,
2025,WEEK 7,BYE,,,BUF,,,
2025,WEEK 8,FINAL,Thursday Night Football,October 23rd,MIN,10.0,LAC,37.0
2025,WEEK 8,FINAL,Sunday,October 26th,MIA,34.0,ATL,10.0
2025,WEEK 8,FINAL,Sunday,October 26th,CHI,16.0,BAL,30.0
2025,WEEK 8,FINAL,Sunday,October 26th,BUF,40.0,CAR,9.0
2025,WEEK 8,FINAL,Sunday,October 26th,NYJ,39.0,CIN,38.0
2025,WEEK 8,FINAL,Sunday,October 26th,SF,15.0,HOU,26.0
2025,WEEK 8,FINAL,Sunday,October 26th,CLE,13.0,NE,32.0
2025,WEEK 8,FINAL,Sunday,October 26th,NYG,20.0,PHI,38.0
2025,WEEK 8,FINAL,Sunday,October 26th,TB,23.0,NO,3.0
2025,WEEK 8,FINAL,Sunday,October 26th,DAL,24.0,DEN,44.0
2025,WEEK 8,FINAL,Sunday,October 26th,TEN,14.0,IND,38.0
2025,WEEK 8,FINAL,Sunday Night Football,October 26th,GB,35.0,PIT,25.0
2025,WEEK 8,FINAL,Monday Night Football,October 27th,WAS,7.0,KC,28.0
2025,WEEK 8,BYE,,,ARI,,,
2025,WEEK 8,BYE,,,DET,,,
2025,WEEK 8,BYE,,,JAX,,,
2025,WEEK 8,BYE,,,LV,,,
2025,WEEK 8,BYE,,,LAR,,,
2025,WEEK 8,BYE,,,SEA,,,
2025,WEEK 9,FINAL,Thursday Night Football,October 30th,BAL,28.0,MIA,6.0
2025,WEEK 9,FINAL,Sunday,November 2nd,CHI,47.0,CIN,42.0
2025,WEEK 9,FINAL,Sunday,November 2nd,MIN,27.0,DET,24.0
2025,WEEK 9,FINAL,Sunday,November 2nd,CAR,16.0,GB,13.0
2025,WEEK 9,FINAL,Sunday,November 2nd,DEN,18.0,HOU,15.0
2025,WEEK 9,FINAL,Sunday,November 2nd,ATL,23.0,NE,24.0
2025,WEEK 9,FINAL,Sunday,November 2nd,SF,34.0,NYG,24.0
2025,WEEK 9,FINAL,Sunday,November 2nd,IND,20.0,PIT,27.0
2025,WEEK 9,FINAL,Sunday,November 2nd,LAC,27.0,TEN,20.0
2025,WEEK 9,FINAL,Sunday,November 2nd,NO,10.0,LAR,34.0
2025,WEEK 9,FINAL,Sunday,November 2nd,JAX,30.0,LV,29.0
2025,WEEK 9,FINAL,Sunday,November 2nd,KC,21.0,BUF,28.0
2025,WEEK 9,FINAL,Sunday Night Football,November 2nd,SEA,38.0,WAS,14.0
2025,WEEK 9,FINAL,Monday Night Football,November 3rd,ARI,27.0,DAL,17.0
2025,WEEK 9,BYE,,,CLE,,,
2025,WEEK 9,BYE,,,NYJ,,,
2025,WEEK 9,BYE,,,PHI,,,
2025,WEEK 9,BYE,,,TB,,,
2025,WEEK 10,FINAL,Thursday Night Football,November 6th,LV,7.0,DEN,10.0
2025,WEEK 10,FINAL,Sunday,November 9th,ATL,25.0,IND,31.0
2025,WEEK 10,FINAL,Sunday,November 9th,NO,17.0,CAR,7.0
2025,WEEK 10,FINAL,Sunday,November 9th,NYG,20.0,CHI,24.0
2025,WEEK 10,FINAL,Sunday,November 9th,JAX,29.0,HOU,36.0
2025,WEEK 10,FINAL,Sunday,November 9th,BUF,13.0,MIA,30.0
2025,WEEK 10,FINAL,Sunday,November 9th,BAL,27.0,MIN,19.0
2025,WEEK 10,FINAL,Sunday,November 9th,CLE,20.0,NYJ,27.0
2025,WEEK 10,FINAL,Sunday,November 9th,NE,28.0,TB,23.0
2025,WEEK 10,FINAL,Sunday,November 9th,ARI,22.0,SEA,44.0
2025,WEEK 10,FINAL,Sunday,November 9th,LAR,42.0,SF,26.0
2025,WEEK 10,FINAL,Sunday,November 9th,DET,44.0,WAS,22.0
2025,WEEK 10,FINAL,Sunday Night Football,November 9th,PIT,10.0,LAC,25.0
2025,WEEK 10,FINAL,Monday Night Football,November 10th,PHI,10.0,GB,7.0
2025,WEEK 10,BYE,,,CIN,,,
2025,WEEK 10,BYE,,,DAL,,,
2025,WEEK 10,BYE,,,KC,,,
2025,WEEK 10,BYE,,,TEN,,,
2025,WEEK 11,FINAL,Thursday Night Football,November 13th,NYJ,14.0,NE,27.0
2025,WEEK 11,FINAL,Sunday,November 16th,WAS,13.0,MIA,16.0
2025,WEEK 11,FINAL,Sunday,November 16th,CAR,30.0,ATL,27.0
2025,WEEK 11,FINAL,Sunday,November 16th,TB,32.0,BUF,44.0
2025,WEEK 11,FINAL,Sunday,November 16th,LAC,6.0,JAX,35.0
2025,WEEK 11,FINAL,Sunday,November 16th,CHI,19.0,MIN,17.0
2025,WEEK 11,FINAL,Sunday,November 16th,GB,27.0,NYG,20.0
2025,WEEK 11,FINAL,Sunday,November 16th,CIN,12.0,PIT,34.0
2025,WEEK 11,FINAL,Sunday,November 16th,HOU,16.0,TEN,13.0
2025,WEEK 11,FINAL,Sunday,November 16th,SF,41.0,ARI,22.0
2025,WEEK 11,FINAL,Sunday,November 16th,SEA,19.0,LAR,21.0
2025,WEEK 11,FINAL,Sunday,November 16th,BAL,23.0,CLE,16.0
2025,WEEK 11,FINAL,Sunday,November 16th,KC,19.0,DEN,22.0
2025,WEEK 11,FINAL,Sunday Night Football,November 16th,DET,9.0,PHI,16.0
2025,WEEK 11,FINAL,Monday Night Football,November 17th,DAL,33.0,LV,16.0
2025,WEEK 11,BYE,,,IND,,,
2025,WEEK 11,BYE,,,NO,,,
2025,WEEK 12,FINAL,Thursday Night Football,November 20th,BUF,19.0,HOU,23.0
2025,WEEK 12,FINAL,Sunday,November 23rd,NYJ,10.0,BAL,23.0
2025,WEEK 12,FINAL,Sunday,November 23rd,PIT,28.0,CHI,31.0
2025,WEEK 12,FINAL,Sunday,November 23rd,NE,26.0,CIN,20.0
2025,WEEK 12,FINAL,Sunday,November 23rd,NYG,27.0,DET,34.0
2025,WEEK 12,FINAL,Sunday,November 23rd,MIN,6.0,GB,23.0
2025,WEEK 12,FINAL,Sunday,November 23rd,IND,20.0,KC,23.0
2025,WEEK 12,FINAL,Sunday,November 23rd,SEA,30.0,TEN,24.0
2025,WEEK 12,FINAL,Sunday,November 23rd,JAX,27.0,ARI,24.0
2025,WEEK 12,FINAL,Sunday,November 23rd,CLE,24.0,LV,10.0
2025,WEEK 12,FINAL,Sunday,November 23rd,PHI,21.0,DAL,24.0
2025,WEEK 12,FINAL,Sunday,November 23rd,ATL,24.0,NO,10.0
2025,WEEK 12,FINAL,Sunday Night Football,November 23rd,TB,7.0,LAR,34.0
2025,WEEK 12,FINAL,Monday Night Football,November 24th,CAR,9.0,SF,20.0
2025,WEEK 12,BYE,,,DEN,,,
2025,WEEK 12,BYE,,,LAC,,,
2025,WEEK 12,BYE,,,MIA,,,
2025,WEEK 12,BYE,,,WAS,,,
2025,WEEK 13,FINAL,Thursday,November 27th,GB,31.0,DET,24.0
2025,WEEK 13,FINAL,Thursday,November 27th,KC,28.0,DAL,31.0
2025,WEEK 13,FINAL,Sunday Night Football,November 27th,CIN,32.0,BAL,14.0
2025,WEEK 13,FINAL,Thursday Night Football,November 28th,CHI,24.0,PHI,15.0
2025,WEEK 13,FINAL,Sunday,November 30th,LAR,28.0,CAR,31.0
2025,WEEK 13,FINAL,Sunday,November 30th,SF,26.0,CLE,8.0
2025,WEEK 13,FINAL,Sunday,November 30th,HOU,20.0,IND,16.0
2025,WEEK 13,FINAL,Sunday,November 30th,NO,17.0,MIA,21.0
2025,WEEK 13,FINAL,Sunday,November 30th,ATL,24.0,NYJ,27.0
2025,WEEK 13,FINAL,Sunday,November 30th,ARI,17.0,TB,20.0
2025,WEEK 13,FINAL,Sunday,November 30th,JAX,25.0,TEN,3.0
2025,WEEK 13,FINAL,Sunday,November 30th,MIN,0.0,SEA,26.0
2025,WEEK 13,FINAL,Sunday,November 30th,LV,14.0,LAC,31.0
2025,WEEK 13,FINAL,Sunday,November 30th,BUF,26.0,PIT,7.0
2025,WEEK 13,FINAL,Sunday Night Football,November 30th,DEN,27.0,WAS,26.0
2025,WEEK 13,FINAL,Monday Night Football,December 1st,NYG,15.0,NE,33.0
2025,WEEK 14,FINAL,Thursday Night Football,December 4th,DAL,30.0,DET,44.0
2025,WEEK 14,FINAL,Sunday,December 7th,SEA,37.0,ATL,9.0
2025,WEEK 14,FINAL,Sunday,December 7th,PIT,27.0,BAL,22.0
2025,WEEK 14,FINAL,Sunday,December 7th,TEN,31.0,CLE,29.0
2025,WEEK 14,FINAL,Sunday,December 7th,IND,19.0,JAX,36.0
2025,WEEK 14,FINAL,Sunday,December 7th,WAS,0.0,MIN,31.0
2025,WEEK 14,FINAL,Sunday,December 7th,MIA,34.0,NYJ,10.0
2025,WEEK 14,FINAL,Sunday,December 7th,NO,24.0,TB,20.0
2025,WEEK 14,FINAL,Sunday,December 7th,CIN,34.0,BUF,39.0
2025,WEEK 14,FINAL,Sunday,December 7th,DEN,24.0,LV,17.0
2025,WEEK 14,FINAL,Sunday,December 7th,CHI,21.0,GB,28.0
2025,WEEK 14,FINAL,Sunday,December 7th,LAR,45.0,ARI,17.0
2025,WEEK 14,FINAL,Sunday Night Football,December 7th,HOU,20.0,KC,10.0
2025,WEEK 14,FINAL,Monday Night Football,December 8th,PHI,19.0,LAC,22.0
2025,WEEK 14,BYE,,,CAR,,,
2025,WEEK 14,BYE,,,NE,,,
2025,WEEK 14,BYE,,,NYG,,,
2025,WEEK 14,BYE,,,SF,,,
2025,WEEK 15,FINAL,Thursday Night Football,December 11th,ATL,29.0,TB,28.0
2025,WEEK 15,FINAL,Sunday,December 14th,CLE,3.0,CHI,31.0
2025,WEEK 15,FINAL,Sunday,December 14th,BAL,24.0,CIN,0.0
2025,WEEK 15,FINAL,Sunday,December 14th,ARI,20.0,HOU,40.0
2025,WEEK 15,FINAL,Sunday,December 14th,NYJ,20.0,JAX,48.0
2025,WEEK 15,FINAL,Sunday,December 14th,LAC,16.0,KC,13.0
2025,WEEK 15,FINAL,Sunday,December 14th,BUF,35.0,NE,31.0
2025,WEEK 15,FINAL,Sunday,December 14th,WAS,29.0,NYG,21.0
2025,WEEK 15,FINAL,Sunday,December 14th,LV,0.0,PHI,31.0
2025,WEEK 15,FINAL,Sunday,December 14th,GB,26.0,DEN,34.0
2025,WEEK 15,FINAL,Sunday,December 14th,DET,34.0,LAR,41.0
2025,WEEK 15,FINAL,Sunday,December 14th,CAR,17.0,NO,20.0
2025,WEEK 15,FINAL,Sunday,December 14th,IND,16.0,SEA,18.0
2025,WEEK 15,FINAL,Sunday,December 14th,TEN,24.0,SF,37.0
2025,WEEK 15,FINAL,Sunday Night Football,December 14th,MIN,34.0,DAL,26.0
2025,WEEK 15,TBD,Monday Night Football,December 15th,MIA,,PIT,
2025,WEEK 16,TBD,Thursday Night Football,December 18th,LAR,,SEA,
2025,WEEK 16,TBD,Saturday,December 20th,PHI,,WAS,
2025,WEEK 16,TBD,Saturday,December 20th,GB,,CHI,
2025,WEEK 16,TBD,Sunday,December 21st,TB,,CAR,
2025,WEEK 16,TBD,Sunday,December 21st,BUF,,CLE,
2025,WEEK 16,TBD,Sunday,December 21st,LAC,,DAL,
2025,WEEK 16,TBD,Sunday,December 21st,NYJ,,NO,
2025,WEEK 16,TBD,Sunday,December 21st,MIN,,NYG,
2025,WEEK 16,TBD,Sunday,December 21st,KC,,TEN,
2025,WEEK 16,TBD,Sunday,December 21st,CIN,,MIA,
2025,WEEK 16,TBD,Sunday,December 21st,ATL,,ARI,
2025,WEEK 16,TBD,Sunday,December 21st,JAX,,DEN,
2025,WEEK 16,TBD,Sunday,December 21st,PIT,,DET,
2025,WEEK 16,TBD,Sunday,December 21st,LV,,HOU,
2025,WEEK 16,TBD,Sunday Night Football,December 21st,NE,,BAL,
2025,WEEK 16,TBD,Monday Night Football,December 22nd,SF,,IND,
2025,WEEK 17,TBD,Thursday,December 25th,DAL,,WAS,
2025,WEEK 17,TBD,Thursday,December 25th,DET,,MIN,
2025,WEEK 17,TBD,Thursday Night Football,December 25th,DEN,,KC,
2025,WEEK 17,TBD,Saturday,December 27th,HOU,,LAC,
2025,WEEK 17,TBD,Saturday,December 27th,BAL,,GB,
2025,WEEK 17,TBD,Sunday,December 28th,SEA,,CAR,
2025,WEEK 17,TBD,Sunday,December 28th,ARI,,CIN,
2025,WEEK 17,TBD,Sunday,December 28th,PIT,,CLE,
2025,WEEK 17,TBD,Sunday,December 28th,JAX,,IND,
2025,WEEK 17,TBD,Sunday,December 28th,TB,,MIA,
2025,WEEK 17,TBD,Sunday,December 28th,NE,,NYJ,
2025,WEEK 17,TBD,Sunday,December 28th,NO,,TEN,
2025,WEEK 17,TBD,Sunday,December 28th,NYG,,LV,
2025,WEEK 17,TBD,Sunday,December 28th,PHI,,BUF,
2025,WEEK 17,TBD,Sunday Night Football,December 28th,CHI,,SF,
2025,WEEK 17,TBD,Monday Night Football,December 29th,LAR,,ATL,
2025,WEEK 18,TBD,TBD,TBD,NO,,ATL,
2025,WEEK 18,TBD,TBD,TBD,NYJ,,BUF,
2025,WEEK 18,TBD,TBD,TBD,DET,,CHI,
2025,WEEK 18,TBD,TBD,TBD,CLE,,CIN,
2025,WEEK 18,TBD,TBD,TBD,LAC,,DEN,
2025,WEEK 18,TBD,TBD,TBD,IND,,HOU,
2025,WEEK 18,TBD,TBD,TBD,TEN,,JAX,
2025,WEEK 18,TBD,TBD,TBD,ARI,,LAR,
2025,WEEK 18,TBD,TBD,TBD,KC,,LV,
2025,WEEK 18,TBD,TBD,TBD,GB,,MIN,
2025,WEEK 18,TBD,TBD,TBD,MIA,,NE,
2025,WEEK 18,TBD,TBD,TBD,DAL,,NYG,
2025,WEEK 18,TBD,TBD,TBD,WAS,,PHI,
2025,WEEK 18,TBD,TBD,TBD,BAL,,PIT,
2025,WEEK 18,TBD,TBD,TBD,SEA,,SF,
2025,WEEK 18,TBD,TBD,TBD,CAR,,TB,
